latitude,longitude,cluster,demand_label,weight
41.03745401188473,29.028406329230858,0,ğŸ“ˆ High Demand Area,5
41.09507143064099,28.916827992999007,4,ğŸ” Unclassified Zone,1
41.07319939418114,28.93232574281892,2,ğŸ“‰ Low Demand,2
41.059865848419705,29.079710837705417,3,âš ï¸ Sporadic Demand,1
41.01560186404424,29.021285811931918,1,ğŸ“Š Moderate Demand,3
41.01559945203362,28.901839410323326,4,ğŸ” Unclassified Zone,1
41.00580836121682,28.920294308573204,1,ğŸ“Š Moderate Demand,3
41.08661761457749,29.03270035382161,0,ğŸ“ˆ High Demand Area,5
41.06011150117432,28.901012316769243,4,ğŸ” Unclassified Zone,1
41.070807257779606,28.932161610283497,0,ğŸ“ˆ High Demand Area,5
41.00205844942958,29.009746757873316,1,ğŸ“Š Moderate Demand,3
41.0969909852162,29.03837903953854,4,ğŸ” Unclassified Zone,1
41.083244264080044,29.03039225190052,4,ğŸ” Unclassified Zone,1
41.02123391106783,28.94485386189211,2,ğŸ“‰ Low Demand,2
41.01818249672071,29.04243584426951,2,ğŸ“‰ Low Demand,2
41.01834045098534,28.947449817499358,1,ğŸ“Š Moderate Demand,3
41.030424224295956,28.965079939631853,1,ğŸ“Š Moderate Demand,3
41.05247564316323,29.049298281023606,1,ğŸ“Š Moderate Demand,3
41.043194501864214,29.029926579809445,2,ğŸ“‰ Low Demand,2
41.0291229140198,29.069844682098836,3,âš ï¸ Sporadic Demand,1
41.06118528947224,29.03152257846007,3,âš ï¸ Sporadic Demand,1
41.01394938606521,29.013661720667095,3,âš ï¸ Sporadic Demand,1
41.029214464853524,28.918734953565618,0,ğŸ“ˆ High Demand Area,5
41.03663618432937,28.973543160611886,1,ğŸ“Š Moderate Demand,3
41.045606998421704,28.953040473536344,0,ğŸ“ˆ High Demand Area,5
41.0785175961393,28.948797928675816,2,ğŸ“‰ Low Demand,2
41.01996737821584,29.09460211095049,1,ğŸ“Š Moderate Demand,3
41.051423443841365,28.978619544933352,4,ğŸ” Unclassified Zone,1
41.059241456886205,29.078409311035422,1,ğŸ“Š Moderate Demand,3
41.004645041272,29.026227725199455,0,ğŸ“ˆ High Demand Area,5
41.060754485190145,29.05896226070833,0,ğŸ“ˆ High Demand Area,5
41.01705241236873,29.00052741862104,3,âš ï¸ Sporadic Demand,1
41.00650515929853,29.015380776925273,2,ğŸ“‰ Low Demand,2
41.09488855372533,28.998503538763774,0,ğŸ“ˆ High Demand Area,5
41.096563203307454,28.93904859755961,0,ğŸ“ˆ High Demand Area,5
41.08083973481165,29.044490423052302,3,âš ï¸ Sporadic Demand,1
41.03046137691734,28.95615447248817,0,ğŸ“ˆ High Demand Area,5
41.009767211400636,28.90486319328629,3,âš ï¸ Sporadic Demand,1
41.06842330265122,29.029094459181433,3,âš ï¸ Sporadic Demand,1
41.04401524937396,28.93542213588141,0,ğŸ“ˆ High Demand Area,5
41.01220382348448,29.088091716870583,0,ğŸ“ˆ High Demand Area,5
41.049517691011125,29.090785715400518,4,ğŸ” Unclassified Zone,1
41.00343885211152,29.082972878044092,1,ğŸ“Š Moderate Demand,3
41.09093204020788,28.97403174005109,1,ğŸ“Š Moderate Demand,3
41.02587799816,28.903091323305773,3,âš ï¸ Sporadic Demand,1
41.0662522284354,29.085663712517547,4,ğŸ” Unclassified Zone,1
41.03117110760894,28.985636829663463,4,ğŸ” Unclassified Zone,1
41.05200680211778,29.093330963808736,3,âš ï¸ Sporadic Demand,1
41.054671027934326,29.092723995417852,1,ğŸ“Š Moderate Demand,3
41.01848544555255,29.070601891093474,0,ğŸ“ˆ High Demand Area,5
41.096958462776456,28.958889778413916,3,âš ï¸ Sporadic Demand,1
41.07751328233611,28.977019545720385,2,ğŸ“‰ Low Demand,2
41.09394989415642,29.07022733430337,1,ğŸ“Š Moderate Demand,3
41.089482735042765,28.963384401031256,4,ğŸ” Unclassified Zone,1
41.05978999788111,28.93389854933722,0,ğŸ“ˆ High Demand Area,5
41.09218742350231,29.01136025249167,1,ğŸ“Š Moderate Demand,3
41.008849250205195,29.087230954832158,0,ğŸ“ˆ High Demand Area,5
41.019598286241916,29.039205959334996,1,ğŸ“Š Moderate Demand,3
41.004522728891054,29.014012234017873,0,ğŸ“ˆ High Demand Area,5
41.03253303307633,28.919435298754152,0,ğŸ“ˆ High Demand Area,5
41.038867728968945,29.023001445339833,0,ğŸ“ˆ High Demand Area,5
41.02713490317739,29.098010770020853,2,ğŸ“‰ Low Demand,2
41.08287375091519,28.928016803047303,3,âš ï¸ Sporadic Demand,1
41.035675332669356,29.003665930472746,2,ğŸ“‰ Low Demand,2
41.02809345096874,29.07547461438559,4,ğŸ” Unclassified Zone,1
41.05426960831583,29.04815372355084,1,ğŸ“Š Moderate Demand,3
41.01409242249748,29.039403148199053,1,ğŸ“Š Moderate Demand,3
41.0802196980754,29.040496816797422,4,ğŸ” Unclassified Zone,1
41.007455064367974,28.97189823024395,0,ğŸ“ˆ High Demand Area,5
41.09868869366005,28.9587183688529,4,ğŸ” Unclassified Zone,1
41.077224476929665,29.061872231095705,0,ğŸ“ˆ High Demand Area,5
41.01987156815342,29.062022678935836,4,ğŸ” Unclassified Zone,1
41.00055221171236,29.073414463716023,0,ğŸ“ˆ High Demand Area,5
41.08154614284548,29.082648110511297,4,ğŸ” Unclassified Zone,1
41.07068573438476,29.002268479772187,2,ğŸ“‰ Low Demand,2
41.0729007168041,29.00030325893744,4,ğŸ” Unclassified Zone,1
41.07712703466859,29.059659035793356,0,ğŸ“ˆ High Demand Area,5
41.00740446517341,29.029992786155553,2,ğŸ“‰ Low Demand,2
41.035846572854425,29.04039337545154,4,ğŸ” Unclassified Zone,1
41.01158690595251,29.05915853388722,2,ğŸ“‰ Low Demand,2
41.08631034258756,29.078001068363513,2,ğŸ“‰ Low Demand,2
41.062329812682755,28.967599031370305,2,ğŸ“‰ Low Demand,2
41.033089802485264,28.97511659052799,1,ğŸ“Š Moderate Demand,3
41.0063558350286,28.91879638796817,2,ğŸ“‰ Low Demand,2
41.031098232171566,29.015656028199235,2,ğŸ“‰ Low Demand,2
41.03251833220268,28.907188454759346,4,ğŸ” Unclassified Zone,1
41.07296061783381,28.993119603626493,0,ğŸ“ˆ High Demand Area,5
41.063755747135524,29.008528926941516,1,ğŸ“Š Moderate Demand,3
41.08872127425764,28.957308250425655,4,ğŸ” Unclassified Zone,1
41.047221492516194,29.018166652113802,4,ğŸ” Unclassified Zone,1
41.01195942459383,28.90610004998781,1,ğŸ“Š Moderate Demand,3
41.0713244787223,28.90746963774984,2,ğŸ“‰ Low Demand,2
41.07607850486169,29.064520112131934,1,ğŸ“Š Moderate Demand,3
41.05612771975695,28.972038128282254,0,ğŸ“ˆ High Demand Area,5
41.07709671799546,28.925412102530377,1,ğŸ“Š Moderate Demand,3
41.04937955963644,29.00444865201096,1,ğŸ“Š Moderate Demand,3
41.0522732829382,29.053998710619723,2,ğŸ“‰ Low Demand,2
41.042754101835854,28.943164205499368,0,ğŸ“ˆ High Demand Area,5
41.00254191267441,29.0245780951638,4,ğŸ” Unclassified Zone,1
41.01078914269933,28.917069492998753,4,ğŸ” Unclassified Zone,1
41.00314291856867,28.91033634423372,2,ğŸ“‰ Low Demand,2
41.06364104112638,29.00627092631363,2,ğŸ“‰ Low Demand,2
41.031435598107635,29.00812702432202,1,ğŸ“Š Moderate Demand,3
41.05085706911647,29.02748598029964,3,âš ï¸ Sporadic Demand,1
41.09075664739261,29.045218266744534,2,ğŸ“‰ Low Demand,2
41.024929222914885,29.095170415892508,0,ğŸ“ˆ High Demand Area,5
41.04103829230356,29.00326006966024,4,ğŸ” Unclassified Zone,1
41.07555511385431,28.96459129458825,3,âš ï¸ Sporadic Demand,1
41.022879816549164,29.059037238953742,4,ğŸ” Unclassified Zone,1
41.00769799098288,28.954166450252416,3,âš ï¸ Sporadic Demand,1
41.028975145291376,28.987794284141128,2,ğŸ“‰ Low Demand,2
41.0161221287254,28.91569127626845,1,ğŸ“Š Moderate Demand,3
41.09296976523426,28.90507014868309,4,ğŸ” Unclassified Zone,1
41.08081203795644,29.092529682935588,4,ğŸ” Unclassified Zone,1
41.063340375651045,29.067196024102444,0,ğŸ“ˆ High Demand Area,5
41.08714605901877,29.03919484121874,0,ğŸ“ˆ High Demand Area,5
41.08036720768991,28.981790588882852,1,ğŸ“Š Moderate Demand,3
41.018657005888606,28.934658864014168,3,âš ï¸ Sporadic Demand,1
41.089255899849,28.931287408534217,4,ğŸ” Unclassified Zone,1
41.053934224191565,28.95004857963292,0,ğŸ“ˆ High Demand Area,5
41.08074401551641,29.009845332941225,2,ğŸ“‰ Low Demand,2
41.089609129992354,29.042919184540015,1,ğŸ“Š Moderate Demand,3
41.03180034749719,29.032039475343545,4,ğŸ” Unclassified Zone,1
41.01100519245277,28.95598677938919,3,âš ï¸ Sporadic Demand,1
41.0227935162542,29.09097305613264,3,âš ï¸ Sporadic Demand,1
41.04271077886263,29.047579383339155,1,ğŸ“Š Moderate Demand,3
41.08180147659225,29.01087081050228,1,ğŸ“Š Moderate Demand,3
41.08607305832564,29.02234414924687,1,ğŸ“Š Moderate Demand,3
41.00069521305312,28.98392001248556,0,ğŸ“ˆ High Demand Area,5
41.05107473025776,28.94954619790023,4,ğŸ” Unclassified Zone,1
41.04174110031488,28.971194535730252,3,âš ï¸ Sporadic Demand,1
41.02221078104707,29.051569222092876,4,ğŸ” Unclassified Zone,1
41.01198653673337,28.90287869772595,4,ğŸ” Unclassified Zone,1
41.03376151714036,28.923214528101383,2,ğŸ“‰ Low Demand,2
41.094290970391256,28.909200528404348,3,âš ï¸ Sporadic Demand,1
41.032320293202076,28.908145760463793,4,ğŸ” Unclassified Zone,1
41.051879062174336,29.071092116802202,3,âš ï¸ Sporadic Demand,1
41.07030189588952,29.040731571876005,0,ğŸ“ˆ High Demand Area,5
41.03636296023793,28.994834765817465,1,ğŸ“Š Moderate Demand,3
41.0971782082721,28.9195668321302,0,ğŸ“ˆ High Demand Area,5
41.09624472949421,28.998323175023366,4,ğŸ” Unclassified Zone,1
41.02517822958254,28.994694354156113,2,ğŸ“‰ Low Demand,2
41.049724850589236,28.934640373982003,0,ğŸ“ˆ High Demand Area,5
41.03008783098168,28.986770329847594,2,ğŸ“‰ Low Demand,2
41.02848404943775,28.979700946879476,2,ğŸ“‰ Low Demand,2
41.00368869473545,29.023170019610443,1,ğŸ“Š Moderate Demand,3
41.06095643339799,29.02701873017353,0,ğŸ“ˆ High Demand Area,5
41.05026790232289,28.909060801954407,2,ğŸ“‰ Low Demand,2
41.005147875125,28.974922522925294,2,ğŸ“‰ Low Demand,2
41.02786464642366,29.025171983142847,3,âš ï¸ Sporadic Demand,1
41.09082658859667,29.00062725171602,2,ğŸ“‰ Low Demand,2
41.023956189066695,29.071297968237666,4,ğŸ” Unclassified Zone,1
41.014489487209126,29.03173872632379,2,ğŸ“‰ Low Demand,2
41.04894527602776,28.932586885416285,2,ğŸ“‰ Low Demand,2
41.098565045411064,28.914113749480084,4,ğŸ” Unclassified Zone,1
41.02420552715115,29.028483855641262,1,ğŸ“Š Moderate Demand,3
41.06721355474059,28.90530226210832,0,ğŸ“ˆ High Demand Area,5
41.076161961532875,29.017155116254692,0,ğŸ“ˆ High Demand Area,5
41.02376375439924,29.088046048284994,3,âš ï¸ Sporadic Demand,1
41.072821634861185,29.015094835575177,2,ğŸ“‰ Low Demand,2
41.036778313271924,28.977633985241305,3,âš ï¸ Sporadic Demand,1
41.06323058305936,29.028657643688472,0,ğŸ“ˆ High Demand Area,5
41.06335297107609,28.9916505780983,0,ğŸ“ˆ High Demand Area,5
41.053577468407475,29.00912335786319,0,ğŸ“ˆ High Demand Area,5
41.00902897700544,29.088292961755307,1,ğŸ“Š Moderate Demand,3
41.083530249558926,28.977220527560153,2,ğŸ“‰ Low Demand,2
41.03207800649717,29.092238112764782,1,ğŸ“Š Moderate Demand,3
41.018651851039984,29.081070128391215,1,ğŸ“Š Moderate Demand,3
41.004077514155476,28.939158226957858,4,ğŸ” Unclassified Zone,1
41.059089294318824,28.913872260175033,1,ğŸ“Š Moderate Demand,3
41.067756436184226,28.920155600275486,2,ğŸ“‰ Low Demand,2
41.00165878289278,28.903644365130308,3,âš ï¸ Sporadic Demand,1
41.05120930582993,28.918888592151184,1,ğŸ“Š Moderate Demand,3
41.02264957751979,29.03660135468327,2,ğŸ“‰ Low Demand,2
41.06451727904095,28.914237729692044,4,ğŸ” Unclassified Zone,1
41.0174366429005,28.963795126058752,4,ğŸ” Unclassified Zone,1
41.069093773810245,29.068975062193893,0,ğŸ“ˆ High Demand Area,5
41.03867353463006,28.904654387147165,4,ğŸ” Unclassified Zone,1
41.09367299887367,29.062893696517786,1,ğŸ“Š Moderate Demand,3
41.0137520944146,28.95637095495468,1,ğŸ“Š Moderate Demand,3
41.034106635105026,28.92363296552433,1,ğŸ“Š Moderate Demand,3
41.01134735212406,29.03934743307283,4,ğŸ” Unclassified Zone,1
41.09246936182786,29.025788569355978,1,ğŸ“Š Moderate Demand,3
41.0877339353381,29.075494402705413,1,ğŸ“Š Moderate Demand,3
41.02579416277152,29.04701420876078,2,ğŸ“‰ Low Demand,2
41.06599840460342,29.06069618607697,0,ğŸ“ˆ High Demand Area,5
41.081722220020126,28.95640691451426,0,ğŸ“ˆ High Demand Area,5
41.05552008115995,28.935487908755945,0,ğŸ“ˆ High Demand Area,5
41.0529650578356,29.050122950328173,0,ğŸ“ˆ High Demand Area,5
41.024185229090044,29.061366947853454,0,ğŸ“ˆ High Demand Area,5
41.00931027678059,29.098101028400137,0,ğŸ“ˆ High Demand Area,5
41.08972157579533,28.982523535382285,2,ğŸ“‰ Low Demand,2
41.09004180571633,28.974403617158558,0,ğŸ“ˆ High Demand Area,5
41.06331014572733,29.0552825921484,1,ğŸ“Š Moderate Demand,3
41.03390297910487,28.968160708050604,4,ğŸ” Unclassified Zone,1
41.03492095746127,29.086151465120714,1,ğŸ“Š Moderate Demand,3
41.07259556788703,29.071682550368603,2,ğŸ“‰ Low Demand,2
41.08971102599526,28.985798805475003,0,ğŸ“ˆ High Demand Area,5
41.08870864242651,29.0501742135583,0,ğŸ“ˆ High Demand Area,5
41.07798755458576,29.050908574816937,0,ğŸ“ˆ High Demand Area,5
